мӣ-не_Pron_PRONOMEN, HUMAN_что-нибудь ед ч	
кӯ-не_Pron_PRONOMEN_который-нибудь	
мӣ-ляннч_Pron_PRONOMEN_что-то ед ч	
го_Pron_PRONOMEN_что	
мӣ_Pron_PRONOMEN_что ед ч	
кӯ_Pron_PRONOMEN_который	
кӣл оаннӭй_N_SCHOOL-EDUCATION_носитель языка	
ыгь кэ̄сск_N_WEATHER, TIME_времена года	
кӣл пайнэмушш_N_SCHOOL-EDUCATION_ревитализация языка	
ке̄-не_Pron_PRONOMEN, HUMAN_кто-нибудь ед ч	
ке̄-ляннч_Pron_PRONOMEN, HUMAN_кто-то ед ч	
шӣг_A_HUMAN, LIVING-PLACE, SCHOOL-EDUCATION, FOOD_хороший, приятный, отличный, вкусный	
кай_N_ANIMAL_чайка маленькая	
э̄д_N_BODY_костный мозг	
сыр_N_FOOD_сыр	
чай_N_FOOD_чай	
улл_N_HANDYCRAFT, CLOTHES_шерсть	
ӣнн_N_KIN_дядя старший брат матери	
мӯр_N_LIVING-PLACE_дрова	
юрт_N_SCHOOL-EDUCATION, HUMAN_мысль, мечта, смысл	
ыйй_N_TIME_ночь	
ке̄_Pron_PRONOMEN, HUMAN_кто	
сӣн_Pron_PRONOMEN_их	
штэ_Pron_PRONOMEN_что	
мун_Pron_PRONOMEN_мой, моя, моё; меня	
мӣн_Pron_PRONOMEN_наш, наша, наши	
тӣн_Pron_PRONOMEN_ваш, ваша, ваши	
ыбе_V_VERB_ненужно, ненадо	
мунн ӣджь_Pron_PRONOMEN_я сама, я сам	
мыйй ӣджь_Pron_PRONOMEN_мы сами	
тыйй ӣджь_Pron_PRONOMEN_вы сами	
сыйй ӣджь_Pron_PRONOMEN_они сами	
кӯль шылле_N_LIVING-PLACE, PLACE-WATER, FOOD, HUMAN_ловить рыбу	
рука правая_N_BODY_вуэлькеськид	
нӯра вӣлльй_N_KIN_брат младший 	
поад ва̄ррь_N_PLACE-NATUR_лес маленький	
кутӭ-кутӭ_Num_HUMAN, FOOD_по два	
эфтэ-эфтэ_Num_HUMAN, FOOD_по одному	
шӯрр_A_HUMAN, FOOD, CLOTHES, LIVING-PLACE_большой	
чинч_A_HUMAN, LIVING-PLACE, CLOTHES_левый	
э̄лл_A_HUMAN, LIVING-PLACE, PLACE-NATURE_высокий	
удць_A_PLACE-NATURE, HUMAN, CLOTHES_маленький	
уцць_A_PLACE-NATURE, HUMAN, CLOTHES_маленький	
пычь_Adv_FOOD, HUMAN_горько	
туйй_Adv_HUMAN, SCHOOL-EDUCATION_дело, работа	
адтҍ_Adv_HUMAN, TIME, FOOD_сейчас	
пере_Adv_HUMAN_очень	
цыза_N_ DEMINUTIV_птички	
оа̄з_N_ANIMAL_паук	
пуар_N_ANIMAL_овод	
пуаз_N_ANIMAL_олень	
оа̄к_N_ANIMAL_лосиха	
пӯра_N_ANIMAL_птенцы	
кӣгк_N_ANIMAL_кукушка	
цыза_N_ANIMAL_воробей	
жыва_N_ANIMAL_животное	
жэва_N_ANIMAL_животное	
кӣдт_N_BODY_рука	
нӣрр_N_BODY_шека	
пэ̄д_N_BODY_попа	
це̄п_N_BODY_пальцы	
чехс_N_BODY_желудок	
оа̄з_N_CLOTHES_куртка	
чӯмм_N_FISH, FOOD_чешуя	
сайй_N_FISH_из породы трески	
лӯсс_N_FISH_семга	
рӣсс_N_FOOD, PLANT_рис	
чоай_N_FOOD_чай	
уххт_N_FOOD_каша	
вӯйй_N_FOOD_масло	
сефс_N_HANDYCRAFT, CLOTHES_шерсть	
сӯнн_N_HANDYCRAFT_нитка	
вайй_N_HANDYCRAFT_выкройка	
вӣгк_N_HEALTH_сила	
ӯкол_N_HEALTH_укол	
югке_N_HUMAN, COLOR, LIVING-PLACE, FOOD, CLOTHES_разный	
кӯйй_N_KIN_муж	
аджь_N_KIN_отец	
аджя_N_KIN_папа	
я̄гк_N_KIN_дядя старший брат отца	
ӣнна_N_KIN_дядя старший брат матери	
а̄йй_N_KIN_дедушка	
а̄йя_N_KIN_дедушка	
а̄ка_N_KIN_бабушка чья-то	
кунн_N_LIVING-PLACE, FOOD_зола	
вэнс_N_LIVING-PLACE, PLACE-WATER_лодка	
кӣбп_N_LIVING-PLACE_сажа	
уккс_N_LIVING-PLACE_дверь	
вӣрр_N_PLACE-NATURE_гора круча	
вӯнн_N_PLACE-WATER, LIVING-PLACE_бухта, губа, залив (моря)	
суэл_N_PLACE-WATER, LIVING-PLACE_остров	
мӣлл_N_SCHOOL-EDUCATION, HUMAN_ум, разум, память	
ыгкь_N_TIME_год	
ыгка_N_TIME_ночью	
ӣнца_N_TIME_утром	
ӣнцэ_N_TIME_утром	
ента_N_TIME_завтра	
янта_N_TIME_завтра	
кыдт_N_WEATHER, TIME_весна	
мунн_Pron_PRONOMEN, HUMAN_я	
мыйй_Pron_PRONOMEN, HUMAN_мы	
тыйй_Pron_PRONOMEN, HUMAN_вы	
сыйй_Pron_PRONOMEN, HUMAN_они	
нимӣ_Pron_PRONOMEN, HUMAN_ничто	
ко̄з_Pron_PRONOMEN, PLACE-NATURE, LIVING-PLACE_куда	
мыйе_Pron_PRONOMEN_к нам	
сыйе_Pron_PRONOMEN_к ним	
тыйе_Pron_PRONOMEN_к вам	
тудт_Pron_PRONOMEN_тот другой	
со̄н_Pron_PRONOMEN_его, её	
ке̄н_Pron_PRONOMEN_кого	
то̄н_Pron_PRONOMEN_тебя	
тэдт_Pron_PRONOMEN_этот	
тӣгэ_Pron_PRONOMEN_сюда	
ке̄з_Pron_PRONOMEN_кому, чему	
то̄н_Pron_PRONOMEN_твой, твоя, твоё	
мэ̄з_Pron_PRONOMEN_зачем, почему	
уммэ_V_ANIMAL, VERB_жужжать (о комаре)	
быдт_V_HUMAN, VERB_надо, нужно, необходимо	
угкэ_V_VERB, ANIMAL_лаять	
югкэ_V_VERB, FOOD_пить	
юхтэ_V_VERB, FOOD_поить	
югсэ_V_VERB, FOOD_попить	
лийе_V_VERB, HUMAN_быть	
кыпта кӯль лэ̄гк_N_FOOD_запах варенной рыбы	
то̄нн ӣджь_Pron_PRONOMEN_ты сам, ты сама	
со̄нн ӣджь_Pron_PRONOMEN_она сама, он сам	
е̄ррь нызан_N_HEALTH_беременная женщина	
луашш я̄вра_N_PLACE-WATER_озеро маленькое, озерко	
э̄ххт чӯдтҍ_Num_HUMAN, SCHOOL-EDUCATION_сто	
мэ̄нн е̄ннэ_Pron_PRONOMEN, SCHOOL-EDUCATION, FOOD_сколько	
мэ̄нн кӯгкь_Pron_PRONOMEN, TIME_как долго	
таммь чуэрьв_N_ANIMAL_летние мягкие рога у оленя	
ла̄гк кӣммьн_N_LIVING-PLACE, FOOD_кастрюля	
тӯетҍ лыххкэ_V_HANDYCRAFT, HUMAN, VERB_работать, делать, трудиться	
удлэс ве̄ххьк_N_HEALTH_скорая помошь	
э̄ххт тоа̄фант_Num_HUMAN, SCHOOL-EDUCATION_тысяча	
мэ̄гк-не_Pron_PRONOMEN, HUMAN_что-нибудь мн ч	
ке̄гк-не_Pron_PRONOMEN, HUMAN_кто-нибудь мн ч 	
поацк-сӣрр_N_LIVING-PLACE, SCHOOL-EDUCATION_игра с косточками	
колмэ-колмэ_Num_HUMAN, FOOD_по три	
ке̄гк-ляннч_Pron_PRONOMEN, HUMAN_кто-то мн ч	
мэ̄гк-ляннч_Pron_PRONOMEN_что-то мн ч	
рӯсст_A_COLOR, CLOTHES_ржавый	
руэнн_A_COLOR, CLOTHES_зеленый	
е̄ххк_A_HUMAN_CLOTHES_незнакомый, новый	
чофта_Adv_HUMAN_очень	
эвтэс_Adv_HUMAN_вперёд	
валас_Adv_LIVING-PLACE_вниз	
пайяс_Adv_LIVING-PLACE_вверх, наверх	
тавас_Adv_LIVING-PLACE_дальше	
кукас_Adv_PLACE-NATURE_далеко (идти)	
кыдта_Adv_TIME, WEATHER_весной	
аввта_Adv_TIME_опять	
цызга_N_ DEMINUTIV_птички	
каррэ_N_ANIMAL, VERB_бежать животное	
кӯввт_N_ANIMAL_змея	
чуэнь_N_ANIMAL_гусь	
вӯввт_N_ANIMAL_дупло	
ма̄дт_N_ANIMAL_червь	
мегар_N_ANIMAL_мошка	
пигке_N_ANIMAL_филин	
чӣгар_N_ANIMAL_стадо	
чӯшшк_N_ANIMAL_комар	
а̄ллт_N_ANIMAL_олень важенка	
вӯрэч_N_ANIMAL_ворона	
куҏҏк_N_ANIMAL_журавль	
та̄лл_N_ANIMAL_медведь	
цуэмп_N_ANIMAL_лягушка	
цызга_N_ANIMAL_воробей	
чуххч_N_ANIMAL_глухарь	
сӯккс_N_ANIMAL_червячки беленькие, опарыши	
рыххп_N_ANIMAL_курапатка	
ша̄га_N_ANIMAL_поросенок	
вэ̄рр_N_BODY, FOOD_кровь	
рӯввь_N_BODY, HEALTH_орган	
нюннҍ_N_BODY_нос	
пэ̄кс_N_BODY_губа	
чичча_N_BODY_сосок	
чуэлл_N_BODY_кишка	
кэ̄рс_N_BODY_горло дыхательное	
ниннч_N_BODY_грудь, женская с молоком	
вӯппт_N_BODY_волосы	
сызнӭ_N_BODY_внутреннести	
ыввьн_N_CLOTHES, COLOR_цвет, окраска	
суххк_N_CLOTHES_чулок	
чӯмас_N_FISH, FOOD_чешуя	
цӯххп_N_FISH, FOOD_кусочек порезанной рыбы	
ёррш_N_FISH_ерш	
ша̄бп_N_FISH_сиг	
кӯввч_N_FISH_кумжа	
пикша_N_FISH_пикша	
сӣллт_N_FISH_селдь	
ме̄ню_N_FOOD, HUMAN_меню	
чӯмсэ_N_FOOD, VERB_чистить рыбу (снимать чешую)	
ныййп_N_FOOD_нож	
банка_N_FOOD_банка	
сахар_N_FOOD_сахар	
сӯрэм_N_FOOD_крупа	
брага_N_FOOD_бражка	
ю̄дтҍ_N_FOOD_блюдце	
саййк_N_HANDYCRAFT, CLOTHES_шерсть	
ке̄бп_N_HANDYCRAFT_игла для сеток	
шамшш_N_HANDYCRAFT_шамшура	
те̄пь_N_HANDYCRAFT_триугольник висячий	
грӣбп_N_HEALTH_грип	
луджь_N_HEALTH_понос	
кэ̄бп_N_HEALTH_болезнь	
лэ̄нн_N_HEALTH_насмарк	
лэ̄гк_N_HUMAN, ANIMAL, PLANT, FOOD_запах	
шӣшшь_N_HUMAN, ANIMAL, _ловушка, силкок	
кӯссь_N_HUMAN, FOOD_гость	
вӣдже_N_HUMAN, VERB_бежать человек	
ве̄шш_N_HUMAN,LIVING-PLACE_вещи	
нэ̄мм_N_HUMAN_имя, название	
мӣлса_N_HUMAN_милый	
туххк_N_HUMAN_толпа, набор, пучок, букет цветов	
ро̄дт_N_KIN_род, родня, родственник 	
е̄ннҍ_N_KIN_мать	
нӣййт_N_KIN_дочь	
я̄нна_N_KIN_мама	
вӯххп_N_KIN_отец жены, отец мужа	
коа̄б_N_KIN_жена молодая	
сӣссь_N_KIN_тетя старшая сестра отца	
мӯдтҍ_N_KIN_тетя младшая сестра матери, тетя младшая сестра отца	
а̄йев_N_KIN_внук дедушки, внучка дедушки	
маннь_N_KIN_жена младшего брата	
роднэ_N_KIN_родной	
коажь_N_LIVING-PLACE, FOOD_копоть	
кӯшшь_N_LIVING-PLACE, FOOD_корзина	
шылле_N_LIVING-PLACE, HUMAN, VERB_ловить, добывать	
рыссе_N_LIVING-PLACE, PLANT_ветка маленькая	
вэккс_N_LIVING-PLACE, PLANT_сучок, ветка сухая	
па̄лл_N_LIVING-PLACE_мяч	
а̄ййт_N_LIVING-PLACE_забор	
луэнн_N_LIVING-PLACE_мусор	
труба_N_LIVING-PLACE_труба	
тӯвас_N_LIVING-PLACE_свеча	
тӯррк_N_LIVING-PLACE_ветка на полу для постели	
сӯрьв_N_LIVING-PLACE_дрова сухие из сосны	
а̄ййт_N_LIVING-PLACE_огород	
роавв_N_LIVING-PLACE_одеяло из оленьих шкур	
то̄лл_N_LIVING-PLACE_костер, место для костра	
сыййт_N_LIVING-PLACE_деревня	
тагкь_N_LIVING-PLACE_камелек	
са̄йй_N_PLACE-NATURE, LIVING-PLACE_место	
уррьт_N_PLACE-NATURE_гора скалистая	
табпь_N_PLACE-NATURE_знаки из камней в горах	
ю̄гал_N_PLACE-NATUR_скала	
ча̄рр_N_PLACE-NATUR_тундра	
кӯлль_N_PLACE-WATER, FISH_рыба	
ё̄гк_N_PLACE-WATER, LIVING-PLACE_река	
ё̄гя_N_PLACE-WATER, LIVING-PLACE_речка	
рыннт_N_PLACE-WATER, LIVING-PLACE_берег	
лӣххт_N_PLACE-WATER, LIVING-PLACE_берег песчанный	
лӯххт_N_PLACE-WATER, LIVING-PLACE_бухта, губа, залив (озера, реки)	
вӯӈӈк_N_PLACE-WATER, LIVING-PLACE_крючок рыболовный	
вӯбпь_N_PLACE-WATER_губа маленькая	
вуэйй_N_PLACE-WATER_ручей	
кӯшшк_N_PLACE-WATER_порог, перекат на реке	
чӯххп_N_PLACE-WATER_передняя часть лодки	
каккш_N_PLANT_сучка	
вашшь_N_PLANT_заросли ивника	
роадт_N_PLANT_заросли березника в тундре	
ча̄сэ_N_SCHOOL-EDUCATION, TIME_часы	
а̄ййк_N_SCHOOL-EDUCATION, TIME_время	
лоагк_N_SCHOOL-EDUCATION_счёт	
ча̄сс_N_TIME_час	
еххта_N_TIME_вчера	
яххта_N_TIME_вчера	
ма̄нн_N_TIME, WEATHER_месяц, луна	
е̄ррк_N_WEATHER_погода	
чӯдтҍ_Num_HUMAN, SCHOOL-EDUCATION_сто	
кутӓс_Num_HUMAN_двое 	
ке̄йн_Pron_PRONOMEN, HUMAN_с кем	
то̄нн_Pron_PRONOMEN, HUMAN_ты	
со̄нн_Pron_PRONOMEN, HUMAN_он, она, оно	
нике̄_Pron_PRONOMEN, HUMAN_никто	
тэста_Pron_PRONOMEN, LIVING-PLACE_здесь	
касьт_Pron_PRONOMEN, PLACE-NATURE, LIVING-PLACE_где, откуда	
масьт_Pron_PRONOMEN, PLACE-NATURE, LIVING-PLACE_откуда	
тоннӭ_Pron_PRONOMEN_к тебе	
соннӭ_Pron_PRONOMEN_к нему, к ней	
мусьт_Pron_PRONOMEN_у меня, во мне	
мыннӭ_Pron_PRONOMEN_ко мне	
тэсьт_Pron_PRONOMEN_тут	
мэ̄гк_Pron_PRONOMEN_что мн ч	
тёллэ_Pron_PRONOMEN_вон там далеко	
мунха_Pron_PRONOMEN_без меня	
то̄гэ_Pron_PRONOMEN_туда	
тоагэ_Pron_PRONOMEN_туда	
тэдта_Pron_PRONOMEN_этот	
тэсса_Pron_PRONOMEN_сюда	
мэ̄нн_Pron_PRONOMEN_чего, что	
мугка_Pron_PRONOMEN_такой	
мэ̄йт_Pron_PRONOMEN_зачем, почему	
е̄дтэ_V_HANDYCRAFT, FOOD, VERB_резать, отрезать, разрезать, нарезать	
вэ̄йе_V_HANDYCRAFT, VERB_кроить	
тубпэ_V_HANDYCRAFT, VERB_дубить	
чӯдзе_V_HEALTH, VERB_болеть рука, мышцы	
ыштнэ_V_LIVING-PLACE, HUMAN, VERB_сесть, садиться	
ышштэ_V_LIVING-PLACE, HUMAN, VERB_сесть, садиться	
оаррэ_V_LIVING-PLACE, HUMAN, VERB_сидеть, находиться	
сугкэ_V_PLACE-WATER, HUMAN, VERB_грести	
тӣдтӭ_V_SCHOOL-EDUCATION, HUMAN VERB_знать, узнать	
куллэ_V_SCHOOL-EDUCATION, HUMAN VERB_слушать, слышать, чувствовать	
сӣррэ_V_SCHOOL-EDUCATION, VERB_играть	
ышштэ_V_VERB, FOOD, SCHOOL-EDUCATION_сесть	
чиннэ_V_VERB, FOOD_готовить, приготовить	
пыййе_V_VERB, HANDYCRAFT_класть, положить; ставить, поставить; вставлять, вставить;	
та̄йе_V_VERB, HEALTH_сходить с ума	
чиннэ_V_VERB, HUMAN, LIVING-PLACE_чинить, починить, ремонтировать, отремонтировать; готовить, приготовить; крепить	
пыййе_V_VERB, HUMAN_класть, положить; ставить, поставить; вставлять, вставить; грузить, погрузить; сажать, посадить; назначать, назначит	
е̄лле_V_VERB, LIVING-PLACE_жить	
оассэ_V_VERB, LIVING-PLACE_ставить куваксу, ставить чум, ставить палатку	
пыйнэ_V_VERB, SCHOOL-EDUCATION_предполагать, решать	
о̄дзэ_V_VERB_искать	
уййнэ_V_VERB_видеть, замечать, смотреть, няньчить	
оаннӭ_V_VERB_носить, расходовать 	
а̄ннэ_V_VERB_просить кого что-то дать	
пэллэ_V_VERB_бояться, пугаться	
сӣрсэ_V_VERB_поиграть	
таввял ыйй_N_TIME_полярная ночь	
ше̄ннҍ уххт_N_FOOD_пшенная каша	
поа̄ке урьт_N_PLACE-NATUR_цепь гор	
выййтэ кӯйе_V_KIN, VERB_выйти замуж	
суввда вуэнч_N_FOOD_капченое мясо	
о̄ллмэ роаӈьк_N_BODY_части тела	
пя̄ццк террьм_N_PLACE-NATURE_гора крутая	
таввял пе̄ййв_N_TIME_полярный день	
те̄ммэ руччкесь_A_COLOR, CLOTHES_коричневый	
торьск, троа̄сськ, тоаҏҏьськ_N_FISH_треска	
куэссь-не_Pron_PRONOMEN, TIME_когда-нибудь	
манҍтэ-не_Pron_PRONOMEN_какой-нибудь	
поппал-сӣрр_N_LIVING-PLACE, SCHOOL-EDUCATION_игра ”Попади”	
манҍтэ-ляннч	_Pron_PRONOMEN_какой-то
куэссь-ляннч_Pron_PRONOMEN, TIME_когда-то	
а̄лехь_A_COLOR, CLOTHES_синий	
тӣрвас_A_HEALTH_здоровый	
чепесь_A_HUMAN, HANDYCRAFT_искусный, мастеровой	
чивкас_A_HUMAN_жадный	
томтас_A_HUMAN_знакомый	
оанӭхь_A_PLACE-NATURE, CLOTHES, SCHOOL-EDUCATION_короткий	
кукесь_A_PLACE-NATURE, HUMAN, CLOTHES_длинный	
куххьк_A_TIME, HUMAN, PLACE-NATURE_длинный	
поання_Adv_HANDYCRAFT_криво	
чинчас_Adv_HUMAN, LIVING-PLACE_налево, влево	
о̄лкэс_Adv_LIVING-PLACE_наружу, на улицу	
чӣӈӈла_Adv_PLACE-NATURE, PLACE-WATER_глубже (в реке, в озере)	
кӯгкас_Adv_PLACE-NATURE_далеко (идти)	
та̄вас_Adv_PLACE-WATER_дальше в озеро	
ло̄ссэ_Adv_SCHOOL-EDUCATION, HUMAN_тяжело, трудно	
са̄мас_Adv_SCHOOL-EDUCATION_по-саамски	
ке̄сся_Adv_TIME, WEATHER_летом	
айкалт_Adv_TIME_рано	
цызэнч_N_ DEMINUTIV, ANIMAL_птичка	
пӯдзъя_N_ DEMINUTIV, ANIMAL_оленята	
тоа̄ла_N_ DEMINUTIV, ANIMAL_медвежата	
туа̄ла_N_ DEMINUTIV, LIVING-PLACE_столики	
куэшка_N_ DEMINUTIV_порогчики, маленькие пороги	
тӯлльй_N_ANIMAL, HANDYCRAFT_шкура животного	
луввдэ_N_ANIMAL, VERB_лежать животное	
хоӈкрэ_N_ANIMAL, VERB_кричать, каркать ворона	
кӯввьт_N_ANIMAL_змея	
ня̄ввь_N_ANIMAL_гнус	
рӣммьн_N_ANIMAL_лиса	
сэ̄ррв_N_ANIMAL_лось	
чуэраш_N_ANIMAL_муха	
муэдтҍ_N_ANIMAL_стая птиц	
боаран_N_ANIMAL_баран	
коа̄сс_N_ANIMAL_кошка	
нёалл_N_ANIMAL_песец	
ча̄бар_N_ANIMAL_чайка морская	
се̄ййп_N_ANIMAL_хвост, длинный	
пӣджан_N_ANIMAL_хвост, короткий	
е̄бешь_N_ANIMAL_лошадь	
ка̄ннҍ_N_ANIMAL_курица	
лӣххьм_N_ANIMAL_корова	
пе̄ннэ_N_ANIMAL_собака	
пе̄ссь_N_ANIMAL_гнездо	
со̄бха_N_ANIMAL_сорока	
ша̄гкь_N_ANIMAL_свинья	
ва̄лль_N_ANIMAL_ястреб, сокол	
а̄лльп_N_ANIMAL_бабочка	
ко̄ттк_N_ANIMAL_муравей	
коа̄зя_N_ANIMAL_котенок	
вӯйвас_N_BODY, FOOD_печень	
кӯттҍк_N_BODY, FOOD_сердце	
е̄ҏҏьт_N_BODY_бок	
па̄ннҍ_N_BODY_зуб	
ча̄пэх_N_BODY_шея	
ка̄ссв_N_BODY_лицо	
лышшьк_N_BODY_кожа	
ю̄лльк_N_BODY_нога	
ка̄ннт_N_BODY_пятка	
кулльм_N_BODY_брови	
на̄бпь_N_BODY_пупок	
це̄ххп_N_BODY_палец	
чуэййв_N_BODY_живот	
раннҍт_N_BODY_грудь, груди	
вуэййв_N_BODY_голова	
кэ̄ннц_N_BODY_ноготь	
ла̄ввь_N_BODY_сустав	
раннҍт_N_BODY_грудина	
ре̄мас_N_BODY_ресница	
па̄ццк_N_BODY_фаланги пальцев	
ка̄ййп_N_BODY_подбородок	
сыська_N_BODY_внутреннести	
пыссяр_N_CLOTHES, HANDYCRAFT_бисер	
лӣййнҍ_N_CLOTHES, PLANT_лён	
то̄ҏҏк_N_CLOTHES_шуба	
оа̄ссэ_N_CLOTHES_одежда	
ре̄ммь_N_CLOTHES_ремень	
ремэнҍ_N_CLOTHES_ремень	
ме̄ййн_N_FISH, FOOD_икра	
вуэсск_N_FISH_окунь	
вӯшенҍ_N_FISH_налим	
вӯшшьн_N_FISH_налим	
ма̄ййв_N_FISH_мойва	
моаййв_N_FISH_мойва	
ра̄ввт_N_FISH_палия	
це̄ррв_N_FISH_черви морские	
ше̄ннҍ_N_FOOD, PLANT_пшено	
свекла_N_FOOD, PLANT_свекла	
туарэх_N_FOOD_рыба жаренная на палке	
каллас_N_FOOD_сытый	
ню̄ввт_N_FOOD_салат из щуки и морожки	
ла̄шшь_N_FOOD_добавка	
е̄весь_N_FOOD_продукты	
куэшшь_N_HANDYCRAFT, ANIMAL_кожа животного	
кыррьй_N_HANDYCRAFT, CLOTHES_узор, рисунок	
вӯппьс_N_HANDYCRAFT, CLOTHES_размер	
кыррьй_N_HANDYCRAFT, CLOTHES_узорчатый, пёрстрый	
ло̄дтэ_N_HANDYCRAFT, VERB_плести из толстых ниток	
нӣввьл_N_HANDYCRAFT_иголка	
рӯввьт_N_HANDYCRAFT_ножницы	
винтер_N_HANDYCRAFT_поясная часть на женских ярах	
ко̄ӆӆк_N_HANDYCRAFT_бубенцы, колокольчики закрытые	
е̄дант_N_HEALTH_операция	
ря̄гкэ_N_HUMAN, ANIMAL, VERB_кричать, орать	
ше̄шшь_N_HUMAN, ANIMAL, _ловушка, силкок	
чисстэ_N_HUMAN, FOOD, LIVING-PLACE, VERB_чистить, вытерать	
ко̄ннч_N_HUMAN, HEALTH_моча	
о̄ххтэ_N_HUMAN, KIN_один, одна	
фоаӊӊт_N_HUMAN, SCHOOL-EDUCATION, HANDYCRAFT_фантазия	
а̄ррьв_N_HUMAN, SCHOOL-EDUCATION_загадка	
луввьт_N_HUMAN, SCHOOL-EDUCATION_традиционное саамское пение, песьня
ле̄шшэ_N_HUMAN, VERB_лежать человек	
ла̄лле_N_HUMAN, VERB_ласкать, баловать, нянчить	
томтас_N_HUMAN_знакомый	
а̄лльк_N_KIN_сын	
а̄ххьк_N_KIN_жена	
вӣлльй_N_KIN_брат	
вуэннь_N_KIN_мать жены, мать мужа	
вӯффьп_N_KIN_отец жены, отец мужа	
че̄дза_N_KIN_дядя, младший брат отца, младший брат матери	
се̄сса_N_KIN_тетя старшая сестра отца	
муэдта_N_KIN_тетя младшая сестра матери, тетя младшая сестра отца	
вуэннь_N_KIN_жена старшего брата	
на̄ййм_N_KIN_свадьба	
а̄кэнч_N_KIN_бабушка чья-то	
вуэннь_N_KIN_старшая сестра мужа	
кӣммьн_N_LIVING-PLACE, FOOD_котёл, котелок	
ка̄ррь_N_LIVING-PLACE, FOOD_посуда деревянная	
шалльт_N_LIVING-PLACE_пол	
пэ̄ҏҏт_N_LIVING-PLACE_дом, комната	
куэдтҍ_N_LIVING-PLACE_вежа	
туэлль_N_LIVING-PLACE_стол	
эххкан_N_LIVING-PLACE_окно	
етткас_N_LIVING-PLACE_улица	
ла̄ннҍ_N_LIVING-PLACE_город	
ло̄ххк_N_LIVING-PLACE_замок	
туррьп_N_LIVING-PLACE_труба	
чуэкас_N_LIVING-PLACE_улица	
ылльтэ_N_LIVING-PLACE_полка	
лоаййт_N_LIVING-PLACE_место для постели	
пе̄ххц_N_LIVING-PLACE_печка, плита	
коавас_N_LIVING-PLACE_кувакса	
лоа̄гк_N_LIVING-PLACE_потолок	
са̄ттк_N_LIVING-PLACE_деревня приморская	
не̄шшь_N_PLACE-NATURE, LIVING-PLACE_грязь натуральная	
куххьк_N_PLACE-NATURE_даль	
па̄ххт_N_PLACE-NATURE_гора без растительности	
луэххк_N_PLACE-NATURE_гора небольшая, горка	
шуэннь_N_PLACE-NATURE_болото топкое	
кэ̄сск_N_PLACE-NATURE_расстояние, промежуток, центр, середина	
шаррьй_N_PLACE-NATURE_возвышенность	
ля̄ммт_N_PLACE-NATUR_лес густой, большой	
коаллс_N_PLACE-NATUR_скала	
лоа̄шш_N_PLACE-NATUR_трясина	
луа̄шш_N_PLACE-NATUR_трясина	
а̄ррьй_N_PLACE-WATER, LIVING-PLACE_весло	
нӯххьт_N_PLACE-WATER, LIVING-PLACE_невод	
са̄ййм_N_PLACE-WATER, LIVING-PLACE_сетка	
я̄ввьр_N_PLACE-WATER, LIVING-PLACE_озеро	
ка̄ййв_N_PLACE-WATER, LIVING-PLACE_родник	
моадтҍ_N_PLACE-WATER_ил	
поаннҍ_N_PLACE-WATER_дно	
цуэгкь_N_PLACE-WATER_мель у берега	
куэррк_N_PLACE-WATER_мель коса, корга	
сэвван_N_PLACE-WATER_плес, тихое место на реке	
нышшьк_N_PLACE-WATER_исток	
нэ̄ммп_N_PLACE-WATER_волна	
лӯмпал_N_PLACE-WATER_заводь	
выррьт_N_PLACE-WATER_течение	
а̄ввьн_N_PLACE-WATER_уключина	
ва̄ррь_N_PLANT, PLACE-NATUR_лес	
о̄лэнь_N_PLANT_багульник	
ло̄гкэ_N_SCHOOL-EDUCATION, VERB_читать, диктовать, считать	
лӯввьт_N_SCHOOL-EDUCATION_доска	
са̄ннҍ_N_SCHOOL-EDUCATION_слово	
вуррьп_N_SCHOOL-EDUCATION_жребий	
тӣдтӭй_N_SCHOOL-EDUCATION_учёный, зающий	
кыррьй_N_SCHOOL-EDUCATION_письмо, грамота, книга, записка	
оаннӭй_N_SCHOOL-EDUCATION_носитель	
ке̄ссь_N_TIME, WEATHER_лето	
че̄ххч_N_TIME, WEATHER_осень	
пе̄ййв_N_TIME_день, солнце	
минута_N_TIME_минута	
е̄кьна_N_TIME_вечером	
та̄рьм_N_TIME_сегодня	
е̄кесь_N_TIME_вечерный	
ӣнцэсь_N_TIME_утренний	
сӯветҍ_N_WEEK-DAY_суббота	
колмас_Num_HUMAN_трое	
ныммьп_Num_TIME, HUMAN, SCHOOL-EDUCATION_второй	
выдант_Num_TIME_пятый	
кудант_Num_TIME_шестой	
ахцант_Num_TIME_девятый	
манҍтэ_Pron_PRONOMEN, COLOR, CLOTHES, FOOD_какой, какие	
нике̄з_Pron_PRONOMEN, HUMAN_никому	
тамьпе_Pron_PRONOMEN, LIVING-PLACE_там	
нико̄з_Pron_PRONOMEN, LIVING-PLACE_никуда	
куэссь_Pron_PRONOMEN, TIME_когда	
мӣнэнҍ_Pron_PRONOMEN_у нас, в нас	
сӣнэнҍ_Pron_PRONOMEN_у них, в них	
тӣнэнҍ_Pron_PRONOMEN_у вас, в нас	
ке̄сьт_Pron_PRONOMEN_у кого	
со̄сьт_Pron_PRONOMEN_у него, у неё, в нём, в ней	
то̄сьт_Pron_PRONOMEN_у тебя, в тебе	
сӣнэтҍ_Pron_PRONOMEN_их	
нимэ̄з_Pron_PRONOMEN_ни для чего	
мунэнҍ_Pron_PRONOMEN_со мной	
ко̄ххт_Pron_PRONOMEN_как	
ма̄ххт_Pron_PRONOMEN_как	
мӣнэтҍ_Pron_PRONOMEN_нас	
тӣнэтҍ_Pron_PRONOMEN_вас	
мӣнэха_Pron_PRONOMEN_без нас	
сӣнэха_Pron_PRONOMEN_без них	
тӣнэха_Pron_PRONOMEN_без вас	
то̄нха_Pron_PRONOMEN_без тебя	
со̄нха_Pron_PRONOMEN_без него, без неё	
коампэ_Pron_PRONOMEN_который	
цыӊӊке_V_ANIMAL, VERB_жужжать (о насекомых)	
ла̄лле_V_ANIMAL_выхаживать птенцов, выводить птенцов	
ца̄гке_V_CLOTHES, VERB_одевать, одеть, надевать, надеть; натягивать, натянуть; обуваться, обуться	
лӯнтнэ_V_FOOD, VERB_лопнуть	
чӯххпэ_V_HANDYCRAFT, FOOD, VERB_резать, обрезать, нарезать	
пе̄ррэ_V_HANDYCRAFT, HUMAN, VERB_стрич волосы или шерсть; срезать	
лыххкэ_V_HANDYCRAFT, HUMAN, VERB_работать, делать, трудиться	
куаррэ_V_HANDYCRAFT, VERB_шить	
кашшнэ_V_HEALTH, VERB_чихать	
вӯввсэ_V_HEALTH, VERB_тошнить	
касснэ_V_HEALTH, VERB_пополнеть	
тӣррвэ_V_HEALTH, VERB_поправлятся	
тӯллье_V_HUMAN, LIVING-PLACE, VERB_держать	
ёадтӭ_V_HUMAN, VERB_ехать	
во̄ссэ_V_HUMAN, VERB_возить	
ца̄гке_V_HUMAN, VERB_толкать, толкнуть, подталкивать, подтолкнуть; совать, сунуть	
пуэдтӭ_V_LIVING-PLACE, PLACE-NATURE, HUMAN, VERB_приехать, прибыть	
ко̄ррэ_V_PLACE-WATER, HANDTCRAFT, VERB_привязывать, привязать	
ке̄ссе_V_PLACE-WATER, LIVING-PLACE, HUMAN, VERB_тащить, вытаскивать, возить	
чиххтэ_V_PLACE-WATER, VERB_чинить сетки	
ручкнэ_V_PLANT, VERB_желтеть	
вуэӈӈэ_V_SCHOOL-EDUCATION, HUMAN VERB_отдыхать	
юррьтӭ_V_SCHOOL-EDUCATION, VERB, HUMAN_думать, мыслить, мечтать, рассуэдать	
кэ̄дже_V_SCHOOL-EDUCATION, VERB_спросить, спрашивать, просить	
ыррштэ_V_VERB, ANIMAL_рычать о собаке	
пэ̄ссэ_V_VERB, FOOD_мыть что-то	
луннцэ_V_VERB, FOOD_есть ложкой, есть житкую пищу	
по̄ррэ_V_VERB, FOOD_кушать	
по̄ҏсэ_V_VERB, FOOD_поесть	
тӯллтэ_V_VERB, FOOD_кипеть	
по̄ҏтэ_V_VERB, FOOD_кормить	
аппьсе_V_VERB, FOOD_пахнуть, вонять, нюхать	
кӯсьхе_V_VERB, FOOD_угостить	
сыххкэ_V_VERB, FOOD_вытирать	
ка̄дтэ_V_VERB, HANDYCRAFT_апликация, нашивать кожу на кожу	
шоабшэ_V_VERB, HUMAN_любить	
а̄вьдэ_V_VERB, LIVING-PLACE_открыть, раскрыть	
паййнэ_V_VERB, PLACE-NATURE_подняться	
вӯзьхе_V_VERB, SCHOOL-EDUCATION_показать	
аллькэ_V_VERB_быть, начинать, стать, начинать делать что-то	
вуэдтӭ_V_VERB_спать	
аннҍтэ_V_VERB_давать, дать, отдать	
пуэдтӭ_V_VERB_прийти, приехать	
выййле_V_VERB_поехать, уехать, отехать, выехать	
ышштлэ_V_VERB_присесть	
кӣххче_V_VERB_смотреть, проверять, контролировать	
шӣххтэ_V_VERB_подходить, быть удобно, согласиться	
подтлэ_V_VERB_приходить, посещать	
тӣрвхэ_V_VERB_поздравить	
кӯсстэ_V_VERB_показаться, виднеться	
суннтэ_V_WEATHER, FOOD, VERB_таять	
па̄шшта кӯль лэ̄гк_N_FOOD_запах жаренной рыбы	
овсяннэ уххт_N_FOOD_овсянная каша	
цуэгесь вуая_N_PLACE-WATER_ручеёк мелкий	
ӯколэтҍ пыйе_V_HEALTH, VERB_делать уколы	
пӣӈӈкья вуэнч_N_FOOD_вяленое мясо	
кыджянт ча̄сс_N_SCHOOL-EDUCATION, TIME, FOOD_в семь часов	
чӯввесь а̄лехь_A_COLOR, CLOTHES_голубой	
коашшьк ма̄ййт_N_FOOD_молоко сухое	
пуаррса вӣлльй_N_KIN_брат старший	
цуэгесь я̄ввьр_N_PLACE-WATER_мелкое озеро	
поа̄ххк выррьт_N_PLACE-WATER_гольфстрим	
кыджянт ча̄сса_N_SCHOOL-EDUCATION, TIME, FOOD_к семи часам	
о̄ййкье вэннас_V_PLACE-WATER, VERB_отталкивать лодку от берега	
лыххцэм вӣгвудт_N_HEALTH_лечебная сила, лечебное качество	
коа̄ррп поаввьн_N_PLACE-NATURE_гора торфенная	
кыджемь ча̄сэсьт_N_SCHOOL-EDUCATION, TIME, FOOD_в седьмом часу	
ко̄ппче соа̄йметҍ_V_PLACE-WATER, VERB_собирать сетки	
лӯшшьтэ соа̄йметҍ_V_PLACE-WATER, VERB_опустить сетки	
о̄менэш, то̄ӆӆкхем_A_SCHOOL-EDUCATION, HUMAN_глупый	
о̄минэш, то̄ӆӆкхем_A_SCHOOL-EDUCATION, HUMAN_глупый	
мӯнненч, мӯнньгенч_N_ DEMINUTIV, WEATHER_морозец	
мӯнньга, мӯнньгенч_N_ DEMINUTIV, WEATHER_морозец	
кӯввесь_A_COLOR, CLOTHES_серый	
чӯввесь_A_COLOR, CLOTHES_светлый, яркий, ясный	
пыччкар_A_FOOD_горький	
лыххцэм_A_HEALTH_лечебный	
э̄ллесь_A_HUMAN, LIVING-PLACE, PLACE-NATURE_высокий	
кугкесь_A_PLACE-NATURE, HUMAN, CLOTHES_длинный	
чоарэхь_A_PLANT_твёрдая о морошке	
чепельт_Adv_HUMAN, HANDYCRAFT_искусно, мастерски	
мӣлльтэ_Adv_HUMAN_вслед	
эфтэсьт_Adv_HUMAN_вместе	
оалкэнь_Adv_LIVING-PLACE_снаружи, на улице	
ке̄ннҍц_Adv_PLACE-NATURE, CLOTHES_узко	
чӣӈӈэль_Adv_PLACE-NATURE, PLACE-WATER_глубоко (в реке, в озере)	
туммпла_Adv_PLACE-NATURE_дальше (в лес, по дороге)	
че̄ххча_Adv_TIME, WEATHER_осень	
маӈӈедҍ_Adv_TIME_поздно	
цызгэнч_N_ DEMINUTIV, ANIMAL_птичка	
пе̄ннга_N_ DEMINUTIV, ANIMAL_собачки	
кушкэнч_N_ DEMINUTIV_PLACE-WATER_порогчиг, маленький порог	
поа̄лла_N_ DEMINUTIV_мячики	
ко̄ввса_N_ DEMINUTIV_чумчики, маленькие куваксы	
кыррьтэ_N_ANIMAL, HUMAN, VERB_лететь	
лаппьсе_N_ANIMAL, VERB_доить	
пэ̄ййнэ_N_ANIMAL, VERB_встать животные	
пэ̄рркэ_N_ANIMAL, VERB_биться животное	
хо̄ҏҏкэ_N_ANIMAL, VERB_кричать олень	
ко̄йххь_N_ANIMAL_моль	
вуэррев_N_ANIMAL_белка	
ме̄герь_N_ANIMAL_мошка	
ча̄шэнҍ_N_ANIMAL_дятел	
чоа̄фан_N_ANIMAL_филин	
коаннҍт_N_ANIMAL_олень дикий	
нуэррьй_N_ANIMAL_тюлень, нерпа	
вясмушш_N_ANIMAL_слепень	
ке̄ттҍк_N_ANIMAL_росомаха	
на̄ввьт_N_ANIMAL_животное дикое	
ша̄гэнч_N_ANIMAL_поросенок	
пе̄гкей_N_ANIMAL_пресмыкающие	
та̄ффьт_N_BODY, FOOD_скелет, кость	
вуэххьц_N_BODY_лоб	
ня̄лльм_N_BODY_рот	
пе̄лльй_N_BODY_ухо	
ча̄лльм_N_BODY_глаз	
вуэлльк_N_BODY_плечо	
моаҏҏьш_N_BODY_морщина	
чо̄лаэд_N_BODY_спинной мозг	
когкэшк_N_BODY_средний палец	
пе̄лльк_N_BODY_большой палец	
роаӈӈьк_N_BODY_туловище	
поа̄ййн_N_CLOTHES, COLOR_краска	
пуэгень_N_CLOTHES, HANDYCRAFT_пояс	
кабперь_N_CLOTHES, HANDYCRAFT_шапка	
коа̄ммэ_N_CLOTHES, HANDYCRAFT_обувь	
пе̄ссяр_N_CLOTHES, HANDYCRAFT_бисер	
та̄ссэм_N_CLOTHES, HANDYCRAFT_ремень рабочий	
воа̄ххц_N_CLOTHES, HANDYCRAFT_варежки	
коа̄дтӭ_N_CLOTHES_брюки	
рыбпехь_N_CLOTHES_платок	
пя̄ӆӆьк_N_COLOR, ANIMAL_белый олень	
са̄ххьк_N_FISH, FOOD_криветка	
ныгкешь_N_FISH_щука	
пинагор_N_FISH_пинагор	
са̄ййва_N_FISH_каменки (мальки)	
ка̄ӆӆьч_N_FISH_морской гребещок	
ла̄ффьк_N_FOOD, HUMAN_магазин	
пуйххьц_N_FOOD, LIVING-PLACE_бочка	
ка̄пуст_N_FOOD, PLANT_капуста	
картэшк_N_FOOD, PLANT_картошка	
че̄снок_N_FOOD_чеснок	
варенье_N_FOOD_варенье	
коа̄пас_N_FOOD_поварежка	
шышшенҍ_N_HANDYCRAFT, CLOTHES_кожа лысая, жамша	
са̄ррьк_N_HANDYCRAFT, CLOTHES_сукно	
на̄ххьк_N_HANDYCRAFT_кожа дубленная	
пуйххьк_N_HANDYCRAFT_спица	
ка̄лльт_N_HANDYCRAFT_позументная лента	
те̄ххьп_N_HANDYCRAFT_триугольник висячий	
лыххцэй_N_HEALTH_врач	
лоа̄ддв_N_HEALTH_лекарство	
ме̄ххьц_N_HUMAN, ANIMAL, FOOD_охота	
па̄стэх_N_HUMAN, ANIMAL_пастух	
вэ̄ццкэ_N_HUMAN, FOOD, VERB_скрести, скоблить; брить	
че̄ххьп_N_HUMAN, HANDYCRAFT_мастер, мастерица	
чуэррьв_N_HUMAN, SCHOOL-EDUCATION, LIVING-PLACE_председатель, вождь, начальник, руководитель,чиновник	
моа̄гка_N_KIN_муж старшей сестры, муж младшей сестры	
куэсськ_N_KIN_тетя старшая сестра матери	
а̄ххкэв_N_KIN_внук бабушки, внучка бабушки	
оа̄ххка_N_KIN_бабушка моя	
оа̄ххкь_N_KIN_бабушка моя	
вӯннхэй_N_KIN_сватающий	
на̄ххьп_N_LIVING-PLACE, FOOD_чашка	
ка̄ввьн_N_LIVING-PLACE, FOOD_утварь, предмет, орудие	
ла̄ттҍк_N_LIVING-PLACE, FOOD_сковорода	
вуэккьс_N_LIVING-PLACE, PLANT_ветка большая	
ве̄ххьц_N_LIVING-PLACE_свеча	
усскэнҍ_N_LIVING-PLACE_место для дров	
ло̄ххтэ_N_LIVING-PLACE_чердак	
а̄ввьль_N_LIVING-PLACE_кручёк для котелка	
куэххьк_N_LIVING-PLACE_кручёк для котелка	
крыльца_N_LIVING-PLACE_крыльцо	
по̄дэшк_N_LIVING-PLACE_подушка	
ӣӈӈманн_N_MONTH_ноябрь	
роа̄ввк_N_PLACE-NATUR, LIVING-PLACE_приведение	
са̄ккьс_N_PLACE-NATURE, LIVING-PLACE_грязь искуственная	
па̄ххьк_N_PLACE-NATURE_гора без растительности, гора крутая
ла̄ммьп_N_PLACE-NATURE_болото	
ка̄йваш_N_PLACE-NATUR_роща	
ка̄ннҍт_N_PLACE-NATUR_сопка, холм	
пуэшенҍ_N_PLACE-NATUR_поляна где косят сено	
ке̄ддҍк_N_PLACE-WATER, LIVING-PLACE_камень	
нёаррк_N_PLACE-WATER, LIVING-PLACE_полуостров	
чуэлльм_N_PLACE-WATER_пролив	
ла̄ддҍв_N_PLANT_вершина деревьев	
коаллем_N_PLANT_заросли березника	
ла̄шшьк_N_SCHOOL-EDUCATION, HUMAN_лень, леньтяй	
па̄ррнэ_N_SCHOOL-EDUCATION, KIN_дети	
гла̄гол_N_SCHOOL-EDUCATION_глагол	
адтъешь_N_SCHOOL-EDUCATION_настоящее время	
та̄лльв_N_TIME, WEATHER_зима	
на̄ввьл_N_TIME_час	
ӣнцкэнч_N_TIME_утро	
пе̄ййва_N_TIME_днём	
секунда_N_TIME_секунда	
ентъенч_N_TIME_завтрашний	
янтъенч_N_TIME_завтрашний	
пе̄тнэц_N_WEEK-DAY_пятница	
сӯвехьт_N_WEEK-DAY_суббота	
не̄льяс_Num_HUMAN_четверо	
кыджянт_Num_TIME_седьмой	
лоагант_Num_TIME_десятый	
нике̄йн_Pron_PRONOMEN, HUMAN_ни с кем	
нимэ̄нн_Pron_PRONOMEN, HUMAN_ничего	
никасьт_Pron_PRONOMEN, LIVING-PLACE_нигде, ниоткуда	
со̄нэнҍ_Pron_PRONOMEN_с ним, с ней	
мунэсьт_Pron_PRONOMEN_у меня, во мне	
то̄нэнҍ_Pron_PRONOMEN_с тобой	
нимэ̄йн_Pron_PRONOMEN_ни с чем	
нимасьт_Pron_PRONOMEN_ни у чего	
муннэнҍ_Pron_PRONOMEN_как я, в меня	
нике̄нн_Pron_PRONOMEN_ничей, никого	
цыррьке_V_ANIMAL, VERB_щебетать	
я̄ккьсе_V_CLOTHES, VERB_раздевать, раздеть, снимать, снять	
це̄ҏҏтэ_V_HANDYCRAFT, SCHOOL-EDUCATION, VERB_чертить	
кырьйхэ_V_HANDYCRAFT, VERB_вышивать, вышить; украсить узором	
вӯккьсе_V_HEALTH, VERB_рвать	
луэннтэ_V_HEALTH, VERB_болеть зубы, кости, голова	
лаффькэ_V_HEALTH, VERB_кашлять	
лыххклэ_V_HEALTH, VERB_хромать	
ко̄шшкэ_V_HEALTH, VERB_похудеть	
ся̄ӈӈкэ_V_HEALTH, VERB_похудеть	
ла̄ввлэ_V_HUMAN, SCHOOL-EDUCATION, VERB_петь	
луввтъе_V_HUMAN, SCHOOL-EDUCATION, VERB_петь традиционную саамскую песьню	
мушштлэ_V_HUMAN_вспоминать	
шэ̄ннтэ_V_KIN, VERB_родиться, расти	
ло̄хктэ_V_LIVING-PLACE_закрыть на замок	
вуаӈӈкэ_V_PLACE-WATER, VERB_ловить удочкой	
кэ̄ххче_V_PLANT, VERB_падать с верху вниз	
куллтлэ_V_SCHOOL-EDUCATION, HUMAN VERB_слушать кого-что	
мушшьтэ_V_SCHOOL-EDUCATION, HUMAN VERB_помнить, запомнить	
са̄ррнэ_V_SCHOOL-EDUCATION, HUMAN VERB_говорить	
кырьйхэ_V_SCHOOL-EDUCATION, VERB_писать, написать, записать	
оа̄нтшэ_V_SCHOOL-EDUCATION, VERB_понимать, понять	
вуэпьсе_V_SCHOOL-EDUCATION, VERB_воспитывать, воспитать	
куххкнэ_V_TIME_становиться длинным	
кэ̄ннцэ_V_VERB, FOOD_есть ложкой, есть житкую пищу	
кыппьтэ_V_VERB, FOOD_варить	
по̄ррлэ_V_VERB, FOOD_съесть	
луннтнэ_V_VERB, FOOD_лопнуть, треснить	
ко̄ппче_V_VERB, HUMAN, LIVING-PLACE, FOOD, HANDYCRAFT_собирать, собрать, копить, запасать, убирать	
ко̄ннче_V_VERB, HUMAN_LIVING-PLACE, HEALTH_писать, мочиться	
мушштъе_V_VERB, HUMAN_вспомнить	
вэ̄зьхе_V_VERB, SCHOOL-EDUCATION_показать	
вӯлльке_V_VERB_пойти	
кя̄ййве_V_VERB_кивать	
чуэннче_V_VERB_стоять	
та̄ххтэ_V_VERB_хотеть, желать	
па̄ххкэ_V_VERB_просить кого что-то сделать	
оа̄ҏҏтэ_V_VERB_спорить, ругать	
коадзъе_V_VERB_проснуться, встать	
ла̄ндте_V_VERB_говаривать, упрашивать	
Куэлнэгк нёаррк_N_PLACE, LIVING-PLACE_Кольский полуостров	
оаньхесь кыррьй_N_SCHOOL-EDUCATION_резюмэ	
давление высокое_N_HEALTH_вэ̄ррпэ̄ййнэмушш	
грӣбпэнҍ кэ̄бптуввэ_V_HEALTH, VERB_заболеть грипом	
мӣллвэсь, то̄ӆӆкэш_A_SCHOOL-EDUCATION, HUMAN_умный, толковый
трасськэ, троа̄сськ, тоаҏҏьськ_N_FISH_треска	
кӯййкэсь_A_COLOR, CLOTHES_серый	
руччкесь_A_COLOR, CLOTHES_желтый	
рӯппсесь_A_COLOR, CLOTHES_красный, рыжий	
руччкесь_A_COLOR, CLOTHES_оранжевый	
оа̄йххьк_A_HUMAN, CLOTHES_огромный	
ва̄ймель_A_HUMAN, SCHOOL-EDUCATION_активный, бойкий	
оанҍхесь_A_PLACE-NATURE, CLOTHES, SCHOOL-EDUCATION_короткий	
чӣӈӈлэсь_A_PLACE-NATURE, PLACE-WATER_глубокий (река, озеро)	
мӯрьялаш_A_PLACE-NATURE, PLANT_урожайный ягодами, богатый ягодами	
кӯльялаш_A_PLACE-WATER, FISH_урожайный рыбой, богатый рыбой	
лоантэхь_A_PLANT_спелая о морошке	
ло̄ссесь_A_SCHOOL-EDUCATION, HUMAN_тяжелый, трудный	
оа̄нтшэм_A_SCHOOL-EDUCATION_понятный	
шӣгтэнне_Adv_FOOD_вкусно, хорошо	
чамсэннӭ_Adv_HANDYCRAFT_ровно, красиво	
мо̄джесь_Adv_HUMAN, HANDYCRAFT_красивый	
вуйнэлле_Adv_HUMAN, PLACE-WATER_вплавь	
шӣгтэнне_Adv_HUMAN, SCHOOL-EDUCATION, HANDYCRAFT_хорошо, приятно, отлично	
нюэзельт_Adv_HUMAN, SCHOOL-EDUCATION_плохо	
ло̄ссесь_Adv_HUMAN, SCHOOL-EDUCATION_тяжело	
ӣннҍенне_Adv_HUMAN, SCHOOL-EDUCATION_громко	
та̄ввьла_Adv_PLACE-WATER_дальше в озеро	
та̄лльва_Adv_TIME, WEATHER_зимой	
э̄ввтэль_Adv_TIME_раньше	
пӯдзъенч_N_ DEMINUTIV, ANIMAL_олененок	
тоа̄лэнч_N_ DEMINUTIV, ANIMAL_медвиженок	
туа̄лэнч_N_ DEMINUTIV, LIVING-PLACE_столик	
кӣдтжэва_N_ANIMAL, LIVING-PLACE_животное домашнее	
ка̄рьксэ_N_ANIMAL, VERB_идти шагом животное	
пэ̄ҏҏкъе_N_ANIMAL, VERB_уснуть животное	
чуэннчле_N_ANIMAL, VERB_встать животные	
нюэммель_N_ANIMAL_заяц	
пальтэсь_N_ANIMAL_волк	
ка̄рнэсь_N_ANIMAL_ворон	
коа̄зенч_N_ANIMAL_котенок	
чинчкидт_N_BODY_рука левая
куэммерь_N_BODY_горсть	
чуамхэсс_N_BODY_лопатка	
вуэрнэшк_N_BODY_безымянный палец	
уллсуххк_N_CLOTHES, HANDYCRAFT_чулок шерстяной	
кӯрьтэхь_N_CLOTHES, HUMAN, HANDYCRAFT_жилетка	
па̄лльта_N_CLOTHES_пальто	
са̄ххьпе_N_CLOTHES_сапоги	
аббрьоаз_N_CLOTHES_куртка от дождя	
пе̄цеххь_N_FISH, FOOD_хвост рыбы	
ма̄йххьк_N_FISH_сиг большой	
вуэсскан_N_FISH_окунь	
па̄ллтас_N_FISH_палтус	
са̄ввель_N_FISH_хариус	
суэввель_N_FISH_хариус	
е̄мьперь_N_FOOD, LIVING-PLACE_ведро	
ноа̄врас_N_FOOD, PLANT_репа	
мо̄рковь_N_FOOD, PLANT_морковь	
моаркэфь_N_FOOD, PLANT_морковь	
кыппьтэй_N_FOOD_повар	
пасьтэмь_N_FOOD_ложка	
кузэвуйй_N_FOOD_масло сливочное	
ню̄цкесь_N_FOOD_кисель	
ма̄карон_N_FOOD_макароны	
ня̄ллкас_N_FOOD_сладости	
кырьнэсс_N_HANDYCRAFT, CLOTHES_узор, рисунок	
ложьбанд_N_HANDYCRAFT_клапан на мужских ярах	
вӯсспэдт_N_HANDYCRAFT_нижняя часть сумки	
кӣдттуйй_N_HANDYCRAFT_рукоделие	
лэфкхэсс_N_HEALTH_кашель	
ва̄йймль_N_HUMAN, SCHOOL-EDUCATION_активист	
ва̄ннҍце_N_HUMAN, VERB_идти шагом человек	
чуэннчле_N_HUMAN, VERB_встать человек	
я̄ллмушш_N_HUMAN_жизнь	
ка̄ллесь_N_KIN_муж	
куа̄сска_N_KIN_тетя старшая сестра матери	
ро̄дмурр_N_KIN_родовое дерево	
рыстаджь_N_KIN_крёстный отец	
рыстеннҍ_N_KIN_крёстная мать	
племница_N_KIN_племянница	
коатнэсс_N_LIVING-PLACE, FOOD_крышка любая	
ло̄хчудт_N_LIVING-PLACE_ключ	
шкоа̄ххп_N_LIVING-PLACE_шкаф	
ка̄ррпан_N_LIVING-PLACE_корридор	
ка̄рртэм_N_LIVING-PLACE_корридор	
ле̄ствец_N_LIVING-PLACE_лестница	
э̄ллсайй_N_LIVING-PLACE_администрация	
кыдтманн_N_MONTH_май	
сӯйнманн_N_MONTH_июль	
па̄йххьк_N_PLACE-NATURE, LIVING-PLACE_местность	
чӣӈӈлэсс_N_PLACE-NATURE, PLACE-WATER_глубина (река, озеро)	
ма̄ннтэр_N_PLACE-WATER_суша земли	
моа̄йнсе_N_SCHOOL-EDUCATION, HUMAN, VERB_рассказать, беседовать, рассказать сказку, выступить с речью, выступить с докладом	
моа̄йнас_N_SCHOOL-EDUCATION, HUMAN_рассказ, беседа, сказка, речь, доклад, выступление	
вуэпьсей_N_SCHOOL-EDUCATION_воспитатель	
са̄рнэгк_N_SCHOOL-EDUCATION_разговорник	
е̄кьнэнч_N_TIME_вечер	
ыййкэсск_N_TIME_полночь	
еххтъенч_N_TIME_вчерашний	
яххтъенч_N_TIME_вчерашний	
та̄ррмъя_N_TIME_сегодняшний	
а̄ррьвдӭ_N_VERB, HUMAN_угадать, отгадать, разгадать, догадаться	
вӯссоарк_N_WEEK-DAY_понедельник	
тоа̄фант_Num_HUMAN, SCHOOL-EDUCATION_тысяча	
авьтмусс_Num_TIME, HUMAN, SCHOOL-EDUCATION_первый	
куалмант_Num_TIME, SCHOOL-EDUCATION_третий	
кя̄хцант_Num_TIME_восьмой	
ня̄льянт_Num_TIME_четвертый	
со̄нэсьт_Pron_PRONOMEN_у него, у неё, в нём, в ней	
то̄нэсьт_Pron_PRONOMEN_у тебя, в тебе	
нике̄сьт_Pron_PRONOMEN_ни у кого	
то̄ннэнҍ_Pron_PRONOMEN_как ты, в тебя	
со̄ннэнҍ_Pron_PRONOMEN_как он, как она, в него, в её	
тёллэдтӭ_Pron_PRONOMEN_тот далеко	
рисэвайе_V_HANDYCRAFT, SCHOOL-EDUCATION, VERB_рисовать	
ла̄ххьтэ_V_HANDYCRAFT, VERB_вдедевать нитку в иголку, нанизывать	
поа̄вчсе_V_HEALTH, VERB_болеть щимить, побалевать	
ре̄ммьхе_V_HEALTH, VERB_тошнить	
вуэсстлэ_V_HUMAN, VERB_встретить, встречать	
найххьтэ_V_KIN, VERB_женить	
вуэссьтэ_V_LIVING-PLACE, VERB_купить, покупать	
мя̄рркнэ_V_PLANT, FOOD, VERB_гнить	
це̄ӆӆьке_V_SCHOOL-EDUCATION, VERB_сказать, произнести, сообщить	
вуэсстлэ_V_SCHOOL-EDUCATION, VERB_ответить, отвечать	
па̄шшьтэ_V_VERB, FOOD_печь, испечь, жарить, изжарить	
вуэссьтэ_V_VERB, FOOD_купить, покупать	
тӯлльтҍе_V_VERB, FOOD_закипеть	
тӯлльтхэ_V_VERB, FOOD_вскипеть,вскипятить	
луннҍтҍе_V_VERB, LIVING-PLACE_колоть, расколоть дрова	
ка̄ххьтэ_V_VERB, LIVING-PLACE_закрывать, закрыть, накрывать, накрыть, запирать	
па̄шшьтэ_V_VERB, WEATHER_гореть, светиться	
ва̄лльтэ_V_VERB_брать, получать, взять	
чуэннчле_V_VERB_встать, подняться на ноги	
че̄ццклэ_V_VERB_бросить, бросать, кидать, метать	
моа̄йнсэ_V_VERB_рассказать, беседовать, рассказать сказку, выступить	
куа̄шкхэ_V_WEATHER, FOOD, VERB_капать	
куа̄шшкэ_V_WEATHER, FOOD, VERB_капать	
чинчпелль е̄ҏҏьт_N_BODY_бок левый	
ня̄лькесь вӯнтас_N_FOOD_сахар	
югкеналла лыдцант_N_HEALTH_процедура	
пеххьпарь, перец_N_FOOD_перец	
пыххьперь, перец_N_FOOD_перец	
маӈӈаента, пэ̄йельпеййв_N_TIME_послезавтра	
вӣллькесь_A_COLOR, CLOTHES_белый	
э̄йвсессь_A_COLOR, CLOTHES_нежный	
чальмхемь_A_HEALTH_слепой	
вуэлькесь_A_HUMAN, LIVING-PLACE, CLOTHES_правый	
ва̄ймлесь_A_HUMAN, SCHOOL-EDUCATION_активный, бойкий	
та̄ррьмъя_A_HUMAN, TIME_современный, сегодняшний	
ке̄нҍцесь_A_PLACE-NATURE, CLOTHES_узкий	
куххклэшш_A_PLACE-NATURE_дальний, далекий	
туммплесь_A_PLACE-NATURE_дальний, далекий	
ла̄шькесь_A_SCHOOL-EDUCATION, HUMAN_ленивый	
мӣлкнесьт_Adv_HEALTH, HUMAN_тихо, потихоньку	
вэххтэнне_Adv_HUMAN, FOOD, SCHOOL-EDUCATION_быстро	
чинчбельт_Adv_HUMAN, LIVING-PLACE_слева	
э̄ллгэнне_Adv_HUMAN, LIVING-PLACE_высоко	
чинчпялла_Adv_HUMAN, LIVING-PLACE_налево, влево	
выххтэнне_Adv_HUMAN_FOOD_TIME_быстро	
а̄йнханна_Adv_HUMAN_нечайно	
куххькенҍ_Adv_LIVING-PLACE_далеко	
вӯлльгесь_Adv_PLACE-NATURE_низкий	
куххькень_Adv_PLACE-NATURE_далеко (находиться)	
оа̄дзкэнч_N_ DEMINUTIV, ANIMAL_паучок	
пе̄ннгэнч_N_ DEMINUTIV, ANIMAL_собачка	
поа̄ллэнч_N_ DEMINUTIV, LIVING-PLACE_мячик	
ка̄ввсэнч_N_ DEMINUTIV, LIVING-PLACE_чумчик, маленькая кувакса 	
та̄лвуадт_N_ANIMAL, PLACE-NATUR_берлога	
ла̄мьпесь_N_ANIMAL_овца	
па̄львашш_N_ANIMAL_соловей	
кыррьйтэй_N_ANIMAL_насекомые	
вуэйвэшна_N_BODY, FOOD_мозг	
ню̄ххчемь_N_BODY_язык	
чинчюлльк_N_BODY_нога лева	
чуарпелль_N_BODY_бедро	
ка̄ххцегк_N_BODY_кость тазовая	
карьнэлль_N_BODY_локоть	
кӣдтлабпь_N_BODY_запястия, кисть	
кӣдтлаввь_N_BODY_запястия, кисть	
черькешна_N_BODY_маленький палец	
ва̄ннцэнҍ_N_CLOTHES, HANDYCRAFT_обувь	
куххькэль_N_CLOTHES, HANDYCRAFT_накомарник, куколник	
лышшькоаз_N_CLOTHES_майка, нижнее бельё	
рӯшштоҏҏк_N_CLOTHES_куртка	
э̄ляпаййт_N_CLOTHES_рубашка	
ка̄мьпель_N_FISH_камбала	
ре̄сторан_N_FOOD, HUMAN_ресторан	
по̄ррмушш_N_FOOD_еда, пища	
нӣппчессь_N_FOOD_палка на котором мясо и рыбу жарят	
ка̄льпесь_N_FOOD_колбаса	
вуэнҍтэсь_N_HANDYCRAFT_корень	
сӯррмгэдт_N_HANDYCRAFT_наперсток	
чальмхемь_N_HEALTH_слепой	
калльмушш_N_HEALTH_простуда	
ла̄вькэбп_N_HEALTH_ревматизм	
ме̄ххьцтэ_N_HUMAN, ANIMAL, FOOD, VERB_охотиться	
ме̄ххьцла_N_HUMAN, ANIMAL_охотник	
меххьцтэй_N_HUMAN, ANIMAL_охотник	
пуадтмушш_N_HUMAN, LIVING-PLACE_приезд	
тыввьвудт_N_HUMAN, SCHOOL-EDUCATION_интерес	
вуэйймушш_N_HUMAN, SCHOOL-EDUCATION_возможность	
нагьруввэ_N_HUMAN, VERB_уснуть человек	
кугкхэллэ_N_HUMAN, VERB_кричать человек	
шоабшмушш_N_HUMAN_любовь	
коа̄нхэсс_N_KIN_жених	
коа̄бсэсс_N_KIN_невеста	
ро̄дтвудт_N_KIN_родство	
вӯххпелль_N_KIN_старший брат мужа	
ро̄дҍхэль_N_KIN_родители	
ро̄дхуввэ_N_KIN_лишиться родни	
коа̄тнэсс_N_LIVING-PLACE, FOOD_крышка для посуды	
тӯӆӆпюдтҍ_N_LIVING-PLACE, FOOD_тарелка плоская	
куэххьцев_N_LIVING-PLACE, PLANT_ветка хвойная	
пэ̄ҏҏтэля_N_LIVING-PLACE_крыша	
це̄ӈькенҍ_N_LIVING-PLACE_жердь для чума	
таррьвмур_N_LIVING-PLACE_дрова смоленистые	
поа̄шшэнҍ_N_LIVING-PLACE_чистое место (в куваксе)	
за̄весськ_N_LIVING-PLACE_балаган	
са̄львесь_N_LIVING-PLACE_брезент	
сӯвасмурр_N_LIVING-PLACE_перекладена для котелков	
то̄ллсайй_N_LIVING_PLACE_место для костра	
нюххчманн_N_MONTH_март 	
вуэллдэгк_N_PLACE-WATER_устье	
кэ̄жьнэгк_N_SCHOOL-EDUCATION_вопрос	
вуэӈӈмушш_N_SCHOOL-EDUCATION_перерыв	
о̄ххпмушш_N_SCHOOL-EDUCATION_обучение	
кӣллпессь_N_SCHOOL-EDUCATION_языковое гнездо	
юрткыррьй_N_SCHOOL-EDUCATION_сочинение	
шӯррпеййв_N_TIME_праздник	
э̄ххтоарк_N_WEEK-DAY_понедельник	
мэннверьт_Pron_PRONOMEN, SCHOOL-EDUCATION, FOOD_сколько	
мӣнэгуэйм_Pron_PRONOMEN_с нами	
сӣнэгуэйм_Pron_PRONOMEN_с ними	
тӣнэгуэйм_Pron_PRONOMEN_с вами	
тыввнэдтэ_V_CLOTHES, VERB_одеваться	
ёаххчедтэ_V_CLOTHES, VERB_раздеться, раздеваться	
тӣрвхуввэ_V_HEALTH, VERB_выздороветь	
копчнэдтэ_V_LIVING-PLACE, TIME, SCHOOL-EDUCATION, VERB_собираться	
то̄ӆӆькье_V_SCHOOL-EDUCATION, VERB_понимать, понять	
по̄ҏсуввэ_V_VERB, FOOD_хотеть кушать	
куаррнмэн_V_VERB, HANDYCRAFT_за шитьём	
моаӆӆьчхе_V_VERB, HANDYCRAFT_облезать, облезть (шкура)	
вуайхуввэ_V_VERB, HUMAN_меняться	
мӣллсуввэ_V_VERB, HUMAN_влюбиться	
мӣльсыввэ_V_VERB, HUMAN_нравиться	
томтсувнэ_V_VERB, HUMAN_знакомиться	
уййнлэдтэ_V_VERB, HUMAN_встретиться, увидиться	
тӣрвхэдтэ_V_VERB, HUMAN_поздороваться	
шэ̄ннтътэ_V_VERB, KIN_вырастить	
вуэзхэллэ_V_VERB, SCHOOL-EDUCATION_показывать	
ва̄ннҍцле_V_VERB_пойти	
ва̄ннҍцлэ_V_VERB_пойти	
е̄ллсуввэ_V_VERB_хотеть жить	
куллтэллэ_V_VERB_слушать	
пэ̄знэдтэ_V_VERB_умываться	
уййнхуввэ_V_VERB_появиться	
вӯзьхуввэ_V_VERB_показаться	
чинндэдтэ_V_VERB_готовиться	
ро̄дҍхэлль со̄бэр_N_SCHOOL-EDUCATION_родительское собрание	
то̄ӆӆкшэсь, то̄ӆӆкэш_A_SCHOOL-EDUCATION, HUMAN_умный, толковый
се̄ввьнесь_A_COLOR, CLOTHES_тёмный, пасмурный	
ча̄дьзялаш_A_FOOD_водинистый	
ко̄ммьтэсь_A_PLACE-NATURE, CLOTHES_широкий	
то̄ӆӆькьем_A_SCHOOL-EDUCATION_понятный	
ча̄дьзялаш_A_WEATHER_дождливый	
вуэллгэнне_Adv_PLACE-NATURE_низко	
куллтлэнне_Adv_SCHOOL-EDUCATION_внимательно	
куэццькэмь_N_ANIMAL_орел	
рӯввьдпуар_N_ANIMAL_муха, большая	
сэ̄рввуэза_N_ANIMAL_лосенок	
ка̄ннҍпура_N_ANIMAL_цыпленок	
муҏьце̄ххь_N_BODY_дуля	
кӣдтвуэннч_N_BODY_мышца рук	
кӣдттаффьт_N_BODY_кость руки	
ке̄ххпнэсс_N_BODY_легкие	
пӯввллаввь_N_BODY_сустав коленный	
лӣййнпуффс_N_CLOTHES_трусы, нижные штаны	
па̄лльтэсь_N_FISH_палтус	
ме̄рркулль_N_FISH_морская рыба	
лоа̄фкхэсс_N_FOOD, PLANT_лук, лук дикий	
по̄снэвуйй_N_FOOD_масло растительное	
ча̄дзьлимм_N_FOOD_бульон	
кыррьйнэсс_N_HANDYCRAFT_узор	
ыгкьсемушш_N_HEALTH_икота	
кӯттҍккэбп_N_HEALTH_болезнь сердца	
тӣрвасвудт_N_HEALTH_здоровье	
жоа̄рркэбп_N_HEALTH_температура, жар	
вуаннчмушш_N_HUMAN, SCHOOL-EDUCATION_возможность	
са̄ррнмушш_N_HUMAN_разговор	
нэ̄ммпеййв_N_KIN_день рождения	
вуэррьпэнҍ_N_KIN_сестра	
шэ̄ннтмушш_N_KIN_рождение	
рыствӣлльй_N_KIN_крёстный брат	
ро̄дхэмэсь_N_KIN_безродный	
це̄ххьпель_N_LIVING-PLACE, FOOD_спичка	
коа̄ххтэсс_N_LIVING-PLACE, FOOD_скатереть	
ланнҍваррь_N_LIVING-PLACE_сад	
ышштэмсайй_N_LIVING-PLACE_тул	
уккскэнтэш_N_LIVING-PLACE_порог	
е̄ллемсайй_N_LIVING-PLACE_место жительства, место проживания, село	
укскуэӆӆьц_N_LIVING-PLACE_дверь, ручка двери	
нӯжьнэххьк_N_LIVING-PLACE_туалет	
пэ̄ҏҏтаййт_N_LIVING-PLACE_огород	
поа̄шшсайй_N_LIVING-PLACE_чистое место (в куваксе)	
туннпэ̄ҏҏт_N_LIVING-PLACE_комната	
ке̄ссьманн_N_MONTH_июнь	
по̄рркманн_N_MONTH_февраль	
че̄ххчманн_N_MONTH_сентябрь	
вуэсстлэгк_N_PLACE-NATURE_подъём на гору	
нёллктэсс_N_PLACE-NATUR_равнина	
ча̄дзьсайй_N_PLACE-WATER_водоём	
вуэсстлэгк_N_SCHOOL-EDUCATION_ответ	
маӈӈаяххта_N_TIME_позавчера	
туннӭпеййв_N_TIME_позавчера	
та̄ррмъенч_N_TIME_сегодняшний	
нымьпоаррк_N_WEEK-DAY_вторник	
пассьпеййв_N_WEEK-DAY_воскресение	
ко̄ллмэшьт_Num_HUMAN_трижды, три раза	
кӯххьтэшьт_Num_HUMAN_дважды, два раза	
куэххтасьт_Num_HUMAN_вдвоём, удвоих	
ёаххчедтнэ_V_CLOTHES, VERB_раздеться, раздеваться	
кэ̄бптуввэ_V_HEALTH, VERB_заболеть	
мушштсэллэ_V_SCHOOL-EDUCATION, HUMAN VERB_вспоминать	
вуэпьсуввэ_V_SCHOOL-EDUCATION, VERB_заниматься, воспитываться	
по̄ррсуввэ_V_VERB, FOOD_иметь желание покушать	
луннтнэнтэ_V_VERB, FOOD_лопаться	
луэшштэдтэ_V_VERB, PLACE-NATURE_спуститься	
о̄ххпнуввэ_V_VERB, SCHOOL-EDUCATION_учиться, заниматься	
кырьйхуввэ_V_VERB, SCHOOL-EDUCATION_расписаться	
вуэдҍсуввэ_V_VERB_хотеть спать	
оа̄ҏҏтэдтэ_V_VERB_ругаться	
вуэдтсэллэ_V_VERB_собираться спать	
тӣрвхэмушш_V_VERB_поздравление	
пэ̄йельента, пэ̄йельпеййв_N_TIME_послезавтра	
чоа̄ххьпесь_A_COLOR, CLOTHES_черный	
пе̄лльйхемь_A_HEALTH_глухой	
мо̄джьтэнне_Adv_HUMAN, HANDYCRAFT_красиво	
ва̄нҍцнелле_Adv_HUMAN, LIVING-PLACE, PLACE-NATURE_пешком	
те̄йнчлиннк_N_ANIMAL_ящерица	
чӯшшкперрий_N_ANIMAL_стрекоза	
манӭмчалльм_N_BODY, FOOD_почка	
вуэййвхабпь_N_BODY_череп	
ниннчвуайва_N_BODY_сосок	
роаӈӈьксайй_N_BODY_талия	
ю̄лльктаффь_N_BODY_кость ноги	
чуарртаффьт_N_BODY_кость тазовая	
ю̄лльклабпь_N_BODY_ступня	
те̄ххьксайй_N_BODY_мякоть ляшки	
ю̄лльклаввь_N_BODY_сустав голеностопной	
нышшькмоант_N_BODY_затылок	
ко̄нньчпуӈӈ_N_BODY_мочевой пузырь	
чо̄латаффьт_N_BODY_позвоночник	
се̄лльквусс_N_CLOTHES, HANDYCRAFT, SCHOOL-EDUCATION_рюкзак	
суххквуэййв_N_CLOTHES, HANDYCRAFT_носок	
чушккабперь_N_CLOTHES, HANDYCRAFT_накомарник, куколник	
уллкурьтэхь_N_CLOTHES_кофта, свитер	
райлышькоаз_N_CLOTHES_майка, нижнее бельё	
коа̄ххплэгк_N_FISH, FOOD_кусок рыбы, большой	
ме̄ррвуэсск_N_FISH_окунь морской	
я̄ввьркулль_N_FISH_озерная рыба	
мӯррьйчадзь_N_FOOD_морс	
луннтнэдант_N_FOOD_лопанье	
пе̄рьвесськ_N_HANDYCRAFT, HUMAN_девичий головной убор	
пе̄лльйхемь_N_HEALTH_глухой	
вуэллнэмушш_N_HEALTH_давление ниское	
ка̄ннҍцвудт_N_HUMAN_дружба	
вӣлльйпелль_N_KIN_брат двоюродный	
вуэррьпелль_N_KIN_сестра двоюродная	
племьнэххьк_N_KIN_племянник	
нюннҍкиммьн_N_LIVING-PLACE, FOOD_чайник	
коа̄ххтнэсс_N_LIVING-PLACE, FOOD_крышка для посуды	
коа̄ммплэсс_N_LIVING-PLACE, FOOD_крышка любая	
па̄рнапэҏҏт_N_LIVING-PLACE, SCHOOL-EDUCATION_детский сад	
ло̄ххкчуввт_N_LIVING-PLACE_ключ	
вуэйвпяллса_N_LIVING-PLACE_подушка	
э̄ххтсасайй_N_LIVING-PLACE_комната	
пе̄рьвесськ_N_LIVING-PLACE_полотно для регулировки дыма	
о̄дтыгьманн_N_MONTH_январь	
поаррькманн_N_MONTH_август	
рэ̄гкэмманн_N_MONTH_октябрь	
та̄лльвманн_N_MONTH_декабрь	
лоавашкедҍк_N_PLACE-NATURE_камень которому покланялись	
вуэййвлоагк_N_PLACE-NATURE_вершина горы	
коа̄ррпторф_N_PLACE-NATUR_торф	
маннтеммьне_N_PLACE-WATER_суша земли	
мушштъемушш_N_SCHOOL-EDUCATION, HUMAN_вспоминания	
вуэпьсемушш_N_SCHOOL-EDUCATION, KIN_воспитание	
соагкнэххьк_N_SCHOOL-EDUCATION_словарь	
лыххкэмтуйй_N_SCHOOL-EDUCATION_задание, задача	
вуэпьсуввэй_N_SCHOOL-EDUCATION_воспитанник	
поаррькпейв_N_TIME_дни недели	
е̄кесьпеййв_N_TIME_вторая половина дня	
ӣнцэсьпеййв_N_TIME_первая половина дня	
пе̄ййвкэсск_N_TIME_полдень	
коа̄ммпалль_N_TIME_полярная ночь	
выдантпеййв_N_WEEK-DAY_пятница	
ко̄лльмэсьт_Num_HUMAN_втроём, у троих	
мэ̄ннварэст_Pron_PRONOMEN_для чего	
мэ̄ннгуэйке_Pron_PRONOMEN_почему, для чего	
тыввнаххьтэ_V_CLOTHES, VERB_одевать, одеть, надевать, надеть; натягивать, натянуть; обуваться, обуться	
тӣрваслуввэ_V_HEALTH, VERB_выздороветь, поправиться	
тулльтсэллэ_V_VERB, FOOD_закипать	
по̄ҏҏтсэллэ_V_VERB, FOOD_подкармливать	
лӯшшьтлуввэ_V_VERB, PLACE-NATURE_спуститься	
ю̄ррьтсэллэ_V_VERB, SCHOOL-EDUCATION_подумывать	
пэ̄йельеххта, туннӭпеййв_N_TIME_позавчера	
уйннаххьтэмь_A_HEALTH_слепой	
ю̄лльквуэннч_N_BODY_мышца ног	
ю̄лльквуэ̄дт_N_BODY_подошва	
кыррьйкабпер_N_BODY_селезенка	
тӯӆӆпкабперь_N_CLOTHES_кепка	
чогкпасьтэмь_N_FOOD_вилка	
рӯввьтнаввьл_N_HANDYCRAFT, LIVING-PLACE_гвоздь	
стеклачалльм_N_HEALTH_очки	
уйннаххьтэмь_N_HEALTH_слепой	
чо̄ннтэкэ̄бп_N_HEALTH_ангина	
поа̄вчсэмушш_N_HEALTH_болезнь	
вӣгкхуввмушш_N_HEALTH_утомление	
ла̄вьчузяннт_N_HEALTH_ревматизм	
лоа̄ткнэмушш_N_HEALTH_усталость	
вуэсстлэмушш_N_HUMAN_встреча	
пе̄льйгоанҍц_N_KIN_муж и жена	
ро̄дтлаххьтӭ_N_KIN_породнить	
чӣӈӈлэссюдтҍ_N_LIVING-PLACE, FOOD_тарелка глубокая	
о̄ххпэмпэҏҏт_N_LIVING-PLACE, SCHOOL-EDUCATION_школа	
кыппьтэмсайй_N_LIVING-PLACE_кухня	
ша̄ннтъемьне_N_LIVING-PLACE_родина	
вуэдтэмьсайй_N_LIVING-PLACE_кровать	
эххканчалльм_N_LIVING-PLACE_форточка	
ё̄гкмоаххьк_N_PLACE-WATER_изгиб реки	
ё̄гккоаллем_N_PLANT_заросли березника вдоль реки	
са̄ннҍкыррьй_N_SCHOOL-EDUCATION_словарь	
пэ̄йельеххта_N_TIME_позавчера	
кэ̄сскпоаррк_N_WEEK-DAY_среда	
по̄рэшкуэдтӭ_V_VERB, FOOD_начать кушать	
вуаййлаххьтэ_V_VERB, SCHOOL-EDUCATION_забыть	
лыгкэшкуэдтӭ_V_VERB_начать делать	
куллнаххьтэмь_A_HEALTH_глухой	
ля̄шшкэмнуррь_N_ANIMAL, LIVING-PLACE_аркан	
ча̄дзьлоаннҍт_N_ANIMAL_утка	
кӣдткоаллдэгк_N_BODY_ладонь	
ча̄лльмкагерь_N_BODY_зрачок	
карьнэльлаввь_N_BODY_сустав локтевой	
луннтнэнтмушш_N_FOOD_лопанье	
вуэррьтниввьл_N_HANDYCRAFT_игла с гранями	
куллнаххьтэмь_N_HEALTH_глухой	
па̄ннҍлыххцэй_N_HEALTH_зубной врач	
вэ̄ррсунэкэбп_N_HEALTH_склероз	
лыххцэмпэ̄ҏҏт_N_HEALTH_больница	
лыххцэйвеххьк_N_HEALTH_медсестра	
нӯжнэгкьпымме_N_LIVING-PLACE_туалетная бумага	
сӯйнкоссэманн_N_MONTH_июль	
кӯньтхемьманн_N_MONTH_апрель	
вуэпьсуввмушш_N_SCHOOL-EDUCATION, KIN_воспитание	
ло̄гктэдтмушш_N_SCHOOL-EDUCATION, TIME_число	
куалмантпеййв_N_WEEK-DAY_среда	
ня̄льянтпеййв_N_WEEK-DAY_четверг	
нимэ̄ннгуэйке_Pron_PRONOMEN_ни для чего	
са̄рнэшкуэдтӭ_V_VERB, SCHOOL-EDUCATION_заговорить, начать говорить	
вуэлькесьпялла_Adv_HUMAN, LIVING-PLACE_на право	
вуэлькесьбельт_Adv_HUMAN, LIVING-PLACE_справа	
вуэлькесьюлльк_N_BODY_нога правая	
воазхелэмцеххп_N_BODY_указательный палец	
коадтакурьтэхь_N_CLOTHES_кофта, свитер	
па̄ннҍпасьтэмь_N_FOOD_вилка	
та̄ффьтлыххцэй_N_HEALTH_ортопед	
ча̄лльмлыххцэй_N_HEALTH_окулист	
шэ̄ннтэмпе̄ййв_N_KIN_день рождения	
ро̄дтҍхэльмэсь_N_KIN_сирота	
рыствуэррьпэнҍ_N_KIN_крёстная сестра	
е̄кесьпоррмушш_N_LIVING-PLACE, FOOD_ужин	
пе̄ййвпоррмушш_N_LIVING-PLACE, FOOD_обед	
ӣнцэсьпоррмушш_N_LIVING-PLACE, FOOD_завтрак	
отералльнэххьк_N_LIVING-PLACE, FOOD_полотенце	
поа̄шшэмгоаррь_N_LIVING-PLACE_поддувало	
ре̄ххьпенҍсайй_N_LIVING-PLACE_отверстие для дыма	
ноа̄йххьтлэдтэ_V_KIN, VERB_жениться	
кӯльшыллемкавьн_N_FOOD, LIVING-PLACE_рыболовные орудия,рыболовная утварь, рыболовные предметы	
са̄львесьпэҏьта_N_LIVING-PLACE_палатка	
кӯххтэмплоагант_Num_TIME_двенадцатый	
э̄ххтэмплоагант_Num_TIME_одиннадцатый	
моа̄йнсэшкуэдтӭ_V_VERB_начать рассказывать	
а̄ҏҏьтпелльтаффь_N_BODY_ребро	
па̄ррнэтҍлыххцэй_N_HEALTH_детский врач	
пе̄ссьмурркайваш_N_PLACE-NATUR_роща березовая	
пе̄ссьмуркоаллем_N_PLANT_заросли березника в лесу	
кӯттҍкпоавчсэмушш_N_HEALTH_болезнь сердца	
ня̄льмчисстэмьпымме_N_FOOD_салфетки	
ня̄лькесьвунтаскэбп_N_HEALTH_сахарный диабет	
ке̄ххпнэссжоарркэбп_N_HEALTH_восполение легких
ке̄ххьпнэсспоаввчсэмушш_N_HEALTH_восполение легких
